word,count,state_short,state_long
light,670,USA,United States
object,667,USA,United States
lights,591,USA,United States
bright,499,USA,United States
sky,419,USA,United States
moving,357,USA,United States
white,344,USA,United States
hovering,264,USA,United States
red,229,USA,United States
ufo,208,USA,United States
flying,196,USA,United States
moved,191,USA,United States
orb,190,USA,United States
noticed,171,USA,United States
objects,168,USA,United States
took,168,USA,United States
glowing,167,USA,United States
appeared,162,USA,United States
star,161,USA,United States
shape,161,USA,United States
large,160,USA,United States
shaped,158,USA,United States
observed,146,USA,United States
triangle,144,USA,United States
disappeared,134,USA,United States
light,9,AL,Alabama
bright,6,AL,Alabama
lights,5,AL,Alabama
red,5,AL,Alabama
blinking,4,AL,Alabama
moon,4,AL,Alabama
sky,4,AL,Alabama
moved,3,AL,Alabama
object,3,AL,Alabama
moving,3,AL,Alabama
disappearing,3,AL,Alabama
camera,3,AL,Alabama
pulsating,3,AL,Alabama
went,3,AL,Alabama
glowing,3,AL,Alabama
ufo,3,AL,Alabama
white,2,AL,Alabama
hovering,2,AL,Alabama
triangular,2,AL,Alabama
low,2,AL,Alabama
star,2,AL,Alabama
started,2,AL,Alabama
captured,2,AL,Alabama
large,2,AL,Alabama
overhead,2,AL,Alabama
light,12,AR,Arkansas
object,11,AR,Arkansas
bright,9,AR,Arkansas
sky,6,AR,Arkansas
moving,5,AR,Arkansas
observed,5,AR,Arkansas
night,5,AR,Arkansas
line,4,AR,Arkansas
ufo,4,AR,Arkansas
triangular,4,AR,Arkansas
lights,4,AR,Arkansas
sky,4,AR,Arkansas
photos,3,AR,Arkansas
dark,3,AR,Arkansas
hovered,3,AR,Arkansas
hovering,3,AR,Arkansas
emitted,3,AR,Arkansas
small,3,AR,Arkansas
near,3,AR,Arkansas
straight,3,AR,Arkansas
plane,3,AR,Arkansas
traveling,3,AR,Arkansas
star,3,AR,Arkansas
took,3,AR,Arkansas
just,2,AR,Arkansas
lights,38,AZ,Arizona
light,31,AZ,Arizona
object,29,AZ,Arizona
bright,29,AZ,Arizona
sky,18,AZ,Arizona
white,18,AZ,Arizona
noticed,17,AZ,Arizona
moving,14,AZ,Arizona
took,14,AZ,Arizona
moved,12,AZ,Arizona
objects,12,AZ,Arizona
glowing,12,AZ,Arizona
disappeared,11,AZ,Arizona
hovering,11,AZ,Arizona
orbs,10,AZ,Arizona
orb,10,AZ,Arizona
picture,9,AZ,Arizona
red,9,AZ,Arizona
photo,8,AZ,Arizona
line,8,AZ,Arizona
triangle,8,AZ,Arizona
star,8,AZ,Arizona
east,8,AZ,Arizona
went,8,AZ,Arizona
appeared,7,AZ,Arizona
object,86,CA,California
lights,74,CA,California
light,73,CA,California
bright,63,CA,California
sky,54,CA,California
moving,52,CA,California
white,45,CA,California
hovering,33,CA,California
ufo,33,CA,California
flying,32,CA,California
moved,27,CA,California
red,24,CA,California
orb,24,CA,California
cloud,23,CA,California
high,22,CA,California
west,21,CA,California
star,21,CA,California
noticed,21,CA,California
orbs,20,CA,California
shape,20,CA,California
objects,20,CA,California
shaped,19,CA,California
appeared,19,CA,California
green,19,CA,California
going,18,CA,California
light,29,CO,Colorado
object,26,CO,Colorado
lights,23,CO,Colorado
bright,13,CO,Colorado
moving,13,CO,Colorado
sky,13,CO,Colorado
hovering,11,CO,Colorado
white,10,CO,Colorado
observed,8,CO,Colorado
west,8,CO,Colorado
large,8,CO,Colorado
orb,8,CO,Colorado
straight,7,CO,Colorado
slowly,7,CO,Colorado
shape,6,CO,Colorado
path,6,CO,Colorado
hovered,6,CO,Colorado
glowing,6,CO,Colorado
moved,6,CO,Colorado
clouds,6,CO,Colorado
orange,5,CO,Colorado
started,5,CO,Colorado
moon,5,CO,Colorado
left,5,CO,Colorado
craft,5,CO,Colorado
light,9,CT,Connecticut
bright,6,CT,Connecticut
sky,5,CT,Connecticut
object,5,CT,Connecticut
flashing,4,CT,Connecticut
lights,4,CT,Connecticut
slowly,4,CT,Connecticut
star,4,CT,Connecticut
direction,3,CT,Connecticut
straight,3,CT,Connecticut
white,3,CT,Connecticut
smaller,3,CT,Connecticut
appeared,3,CT,Connecticut
hovering,3,CT,Connecticut
flew,3,CT,Connecticut
line,2,CT,Connecticut
blinking,2,CT,Connecticut
flying,2,CT,Connecticut
quickly,2,CT,Connecticut
moved,2,CT,Connecticut
ball,2,CT,Connecticut
pulsating,2,CT,Connecticut
moving,2,CT,Connecticut
stars,2,CT,Connecticut
sunset,2,CT,Connecticut
silver,2,DC,District of Columbia
reflective,2,DC,District of Columbia
interview,2,DC,District of Columbia
ufo,1,DC,District of Columbia
inside,1,DC,District of Columbia
capital,1,DC,District of Columbia
beltway,1,DC,District of Columbia
spheres,1,DC,District of Columbia
moving,1,DC,District of Columbia
low,1,DC,District of Columbia
cloud,1,DC,District of Columbia
shining,1,DC,District of Columbia
white,1,DC,District of Columbia
disappearing,1,DC,District of Columbia
cluster,1,DC,District of Columbia
mile,1,DC,District of Columbia
metallic,1,DC,District of Columbia
objects,1,DC,District of Columbia
discernible,1,DC,District of Columbia
movement,1,DC,District of Columbia
observed,1,DC,District of Columbia
street,1,DC,District of Columbia
away,1,DC,District of Columbia
silver,1,DC,District of Columbia
driving,1,DC,District of Columbia
object,3,DE,Delaware
observed,2,DE,Delaware
lights,2,DE,Delaware
past,2,DE,Delaware
moving,2,DE,Delaware
quickly,2,DE,Delaware
large,1,DE,Delaware
shape,1,DE,Delaware
half,1,DE,Delaware
moon,1,DE,Delaware
small,1,DE,Delaware
hovering,1,DE,Delaware
cylindrical,1,DE,Delaware
erratically,1,DE,Delaware
line,1,DE,Delaware
merge,1,DE,Delaware
disappear,1,DE,Delaware
air,1,DE,Delaware
flew,1,DE,Delaware
directly,1,DE,Delaware
friend,1,DE,Delaware
noise,1,DE,Delaware
triangular,1,DE,Delaware
shape,1,DE,Delaware
witnessed,1,DE,Delaware
object,46,FL,Florida
light,40,FL,Florida
lights,38,FL,Florida
sky,30,FL,Florida
bright,29,FL,Florida
moving,27,FL,Florida
flying,24,FL,Florida
red,19,FL,Florida
objects,19,FL,Florida
white,19,FL,Florida
hovering,18,FL,Florida
glowing,15,FL,Florida
star,15,FL,Florida
noticed,14,FL,Florida
shaped,14,FL,Florida
green,14,FL,Florida
ufo,14,FL,Florida
craft,13,FL,Florida
orbs,13,FL,Florida
orange,13,FL,Florida
fast,13,FL,Florida
orb,12,FL,Florida
triangle,11,FL,Florida
shape,11,FL,Florida
west,11,FL,Florida
light,19,GA,Georgia
object,16,GA,Georgia
lights,15,GA,Georgia
bright,13,GA,Georgia
window,12,GA,Georgia
sky,11,GA,Georgia
white,8,GA,Georgia
moving,6,GA,Georgia
craft,6,GA,Georgia
moved,6,GA,Georgia
pictures,6,GA,Georgia
solid,5,GA,Georgia
hovering,5,GA,Georgia
disappeared,5,GA,Georgia
ufos,5,GA,Georgia
camera,5,GA,Georgia
took,5,GA,Georgia
orange,4,GA,Georgia
small,4,GA,Georgia
observed,4,GA,Georgia
objects,4,GA,Georgia
straight,4,GA,Georgia
ufo,4,GA,Georgia
shaped,4,GA,Georgia
orb,4,GA,Georgia
object,7,IA,Iowa
light,5,IA,Iowa
lights,5,IA,Iowa
red,4,IA,Iowa
sky,4,IA,Iowa
black,3,IA,Iowa
flying,3,IA,Iowa
east,3,IA,Iowa
moved,3,IA,Iowa
bright,2,IA,Iowa
vertical,2,IA,Iowa
tree,2,IA,Iowa
path,2,IA,Iowa
help,2,IA,Iowa
clouds,2,IA,Iowa
ascending,2,IA,Iowa
picture,2,IA,Iowa
slowly,2,IA,Iowa
orb,2,IA,Iowa
kind,1,IA,Iowa
marshmallow,1,IA,Iowa
ball,1,IA,Iowa
pearl,1,IA,Iowa
objects,1,IA,Iowa
glowing,1,IA,Iowa
light,8,ID,Idaho
moving,7,ID,Idaho
object,6,ID,Idaho
orb,6,ID,Idaho
sky,5,ID,Idaho
picture,4,ID,Idaho
shaped,4,ID,Idaho
ufo,4,ID,Idaho
boise,4,ID,Idaho
bright,4,ID,Idaho
hovering,3,ID,Idaho
star,3,ID,Idaho
looking,3,ID,Idaho
east,3,ID,Idaho
house,3,ID,Idaho
objects,3,ID,Idaho
noticed,3,ID,Idaho
moved,3,ID,Idaho
video,3,ID,Idaho
solid,3,ID,Idaho
west,3,ID,Idaho
large,3,ID,Idaho
white,3,ID,Idaho
chasing,2,ID,Idaho
glowing,2,ID,Idaho
object,25,IL,Illinois
light,15,IL,Illinois
lights,15,IL,Illinois
hovering,12,IL,Illinois
bright,12,IL,Illinois
sky,13,IL,Illinois
disappeared,10,IL,Illinois
moving,8,IL,Illinois
flying,7,IL,Illinois
just,7,IL,Illinois
green,6,IL,Illinois
white,6,IL,Illinois
objects,6,IL,Illinois
noticed,6,IL,Illinois
slowly,6,IL,Illinois
appeared,6,IL,Illinois
craft,6,IL,Illinois
ufo,5,IL,Illinois
large,5,IL,Illinois
fly,4,IL,Illinois
slow,4,IL,Illinois
planes,4,IL,Illinois
video,4,IL,Illinois
traveling,4,IL,Illinois
two,4,IL,Illinois
light,15,IN,Indiana
object,14,IN,Indiana
lights,14,IN,Indiana
bright,11,IN,Indiana
sky,10,IN,Indiana
orb,7,IN,Indiana
shape,6,IN,Indiana
triangle,6,IN,Indiana
large,6,IN,Indiana
red,6,IN,Indiana
saw,5,IN,Indiana
ufo,5,IN,Indiana
white,5,IN,Indiana
direction,5,IN,Indiana
moving,5,IN,Indiana
shaped,5,IN,Indiana
west,4,IN,Indiana
flew,4,IN,Indiana
observed,4,IN,Indiana
orbs,4,IN,Indiana
objects,4,IN,Indiana
star,4,IN,Indiana
appeared,3,IN,Indiana
flight,3,IN,Indiana
path,3,IN,Indiana
light,7,KS,Kansas
lights,4,KS,Kansas
object,4,KS,Kansas
red,4,KS,Kansas
bright,3,KS,Kansas
photo,3,KS,Kansas
white,3,KS,Kansas
solid,3,KS,Kansas
pics,3,KS,Kansas
multiple,2,KS,Kansas
shaped,2,KS,Kansas
sky,2,KS,Kansas
stationary,2,KS,Kansas
taken,2,KS,Kansas
taking,2,KS,Kansas
objects,2,KS,Kansas
shape,2,KS,Kansas
very,2,KS,Kansas
large,1,KS,Kansas
glowing,1,KS,Kansas
rod,1,KS,Kansas
size,1,KS,Kansas
aspirin,1,KS,Kansas
turned,1,KS,Kansas
side,1,KS,Kansas
light,9,KY,Kentucky
bright,7,KY,Kentucky
object,7,KY,Kentucky
white,5,KY,Kentucky
hovering,5,KY,Kentucky
witnessed,4,KY,Kentucky
dark,4,KY,Kentucky
lights,4,KY,Kentucky
flying,4,KY,Kentucky
sky,3,KY,Kentucky
rotating,3,KY,Kentucky
south,3,KY,Kentucky
going,3,KY,Kentucky
moving,3,KY,Kentucky
flew,3,KY,Kentucky
fly,3,KY,Kentucky
appeared,3,KY,Kentucky
orb,3,KY,Kentucky
camera,3,KY,Kentucky
ufo,3,KY,Kentucky
shape,3,KY,Kentucky
direction,3,KY,Kentucky
large,2,KY,Kentucky
star,2,KY,Kentucky
airplane,2,KY,Kentucky
object,9,LA,Louisiana
took,6,LA,Louisiana
hovering,5,LA,Louisiana
lights,5,LA,Louisiana
sky,4,LA,Louisiana
moon,4,LA,Louisiana
pics,4,LA,Louisiana
bright,3,LA,Louisiana
loud,2,LA,Louisiana
pictures,2,LA,Louisiana
disappeared,2,LA,Louisiana
flying,2,LA,Louisiana
orange,2,LA,Louisiana
speed,2,LA,Louisiana
heard,2,LA,Louisiana
observed,2,LA,Louisiana
light,2,LA,Louisiana
white,2,LA,Louisiana
head,2,LA,Louisiana
lightning,2,LA,Louisiana
ship,2,LA,Louisiana
blinking,2,LA,Louisiana
spotted,2,LA,Louisiana
plane,2,LA,Louisiana
colored,2,LA,Louisiana
bright,12,MA,Massachusetts
lights,11,MA,Massachusetts
light,11,MA,Massachusetts
object,10,MA,Massachusetts
hovering,8,MA,Massachusetts
white,8,MA,Massachusetts
sky,6,MA,Massachusetts
glowing,5,MA,Massachusetts
moving,5,MA,Massachusetts
ufo,5,MA,Massachusetts
red,5,MA,Massachusetts
time,5,MA,Massachusetts
objects,5,MA,Massachusetts
video,5,MA,Massachusetts
small,4,MA,Massachusetts
orb,4,MA,Massachusetts
noticed,4,MA,Massachusetts
moved,4,MA,Massachusetts
shape,4,MA,Massachusetts
took,4,MA,Massachusetts
appeared,4,MA,Massachusetts
directions,4,MA,Massachusetts
witnessed,4,MA,Massachusetts
formation,3,MA,Massachusetts
wing,3,MA,Massachusetts
light,10,ME,Maine
white,6,ME,Maine
noticed,6,ME,Maine
object,6,ME,Maine
lights,6,ME,Maine
moving,5,ME,Maine
disappeared,4,ME,Maine
red,4,ME,Maine
bright,4,ME,Maine
sound,3,ME,Maine
sphere,3,ME,Maine
star,3,ME,Maine
sky,3,ME,Maine
hovering,3,ME,Maine
orange,3,ME,Maine
mars,3,ME,Maine
moving,3,ME,Maine
began,3,ME,Maine
solid,2,ME,Maine
picture,2,ME,Maine
orb,2,ME,Maine
slowly,2,ME,Maine
looked,2,ME,Maine
distance,2,ME,Maine
low,2,ME,Maine
object,30,MI,Michigan
lights,27,MI,Michigan
light,21,MI,Michigan
moving,21,MI,Michigan
sky,17,MI,Michigan
bright,16,MI,Michigan
red,12,MI,Michigan
slowly,11,MI,Michigan
star,11,MI,Michigan
shape,11,MI,Michigan
hovering,10,MI,Michigan
flying,10,MI,Michigan
the,9,MI,Michigan
east,9,MI,Michigan
white,9,MI,Michigan
shaped,9,MI,Michigan
moved,8,MI,Michigan
ufo,8,MI,Michigan
hovered,8,MI,Michigan
disappeared,8,MI,Michigan
west,8,MI,Michigan
orbs,8,MI,Michigan
observed,7,MI,Michigan
black,7,MI,Michigan
house,7,MI,Michigan
lights,14,MN,Minnesota
object,11,MN,Minnesota
red,7,MN,Minnesota
light,6,MN,Minnesota
bright,5,MN,Minnesota
saw,5,MN,Minnesota
orbs,5,MN,Minnesota
shaped,5,MN,Minnesota
white,4,MN,Minnesota
sky,4,MN,Minnesota
high,4,MN,Minnesota
window,3,MN,Minnesota
large,3,MN,Minnesota
low,3,MN,Minnesota
looked,3,MN,Minnesota
took,3,MN,Minnesota
noticed,3,MN,Minnesota
blinking,3,MN,Minnesota
sky,3,MN,Minnesota
lights,3,MN,Minnesota
star,3,MN,Minnesota
appeared,3,MN,Minnesota
triangle,3,MN,Minnesota
witnessed,2,MN,Minnesota
cluster,2,MN,Minnesota
lights,19,MO,Missouri
bright,16,MO,Missouri
light,14,MO,Missouri
object,14,MO,Missouri
sky,13,MO,Missouri
white,12,MO,Missouri
moving,9,MO,Missouri
shaped,7,MO,Missouri
went,7,MO,Missouri
fast,6,MO,Missouri
large,6,MO,Missouri
triangle,5,MO,Missouri
craft,5,MO,Missouri
flashing,5,MO,Missouri
light,5,MO,Missouri
lights,5,MO,Missouri
orange,4,MO,Missouri
hovering,4,MO,Missouri
moved,4,MO,Missouri
left,4,MO,Missouri
cloud,4,MO,Missouri
low,4,MO,Missouri
line,4,MO,Missouri
sky,4,MO,Missouri
different,4,MO,Missouri
object,5,MS,Mississippi
light,4,MS,Mississippi
moving,4,MS,Mississippi
far,3,MS,Mississippi
straight,3,MS,Mississippi
lights,3,MS,Mississippi
moved,2,MS,Mississippi
west,2,MS,Mississippi
east,2,MS,Mississippi
line,2,MS,Mississippi
flying,2,MS,Mississippi
sw,2,MS,Mississippi
flew,2,MS,Mississippi
red,2,MS,Mississippi
white,2,MS,Mississippi
flashing,2,MS,Mississippi
looked,1,MS,Mississippi
star,1,MS,Mississippi
hovered,1,MS,Mississippi
vanished,1,MS,Mississippi
circle,1,MS,Mississippi
star-like,1,MS,Mississippi
away,1,MS,Mississippi
ringed,1,MS,Mississippi
shaped,1,MS,Mississippi
lights,6,MT,Montana
bright,4,MT,Montana
away,3,MT,Montana
big,3,MT,Montana
went,3,MT,Montana
pulse,2,MT,Montana
jet,2,MT,Montana
orange,2,MT,Montana
east,2,MT,Montana
faster,2,MT,Montana
sky,2,MT,Montana
cloud,2,MT,Montana
light,2,MT,Montana
white,2,MT,Montana
bedroom,2,MT,Montana
disc,1,MT,Montana
shaped,1,MT,Montana
box,1,MT,Montana
sr-72,1,MT,Montana
aurora,1,MT,Montana
tech,1,MT,Montana
detonation,1,MT,Montana
black,1,MT,Montana
shape,1,MT,Montana
sphere,1,MT,Montana
light,20,NC,North Carolina
lights,16,NC,North Carolina
object,15,NC,North Carolina
bright,14,NC,North Carolina
sky,13,NC,North Carolina
objects,8,NC,North Carolina
hovering,8,NC,North Carolina
moving,8,NC,North Carolina
shaped,7,NC,North Carolina
flying,7,NC,North Carolina
noticed,7,NC,North Carolina
took,7,NC,North Carolina
white,7,NC,North Carolina
orange,6,NC,North Carolina
orb,6,NC,North Carolina
tree,6,NC,North Carolina
large,6,NC,North Carolina
moved,6,NC,North Carolina
taking,5,NC,North Carolina
triangle,5,NC,North Carolina
ufo,5,NC,North Carolina
video,5,NC,North Carolina
disappeared,5,NC,North Carolina
hovered,5,NC,North Carolina
fast,5,NC,North Carolina
sky,5,ND,North Dakota
star,2,ND,North Dakota
light,2,ND,North Dakota
traveling,2,ND,North Dakota
away,2,ND,North Dakota
kin,1,ND,North Dakota
time,1,ND,North Dakota
taking,1,ND,North Dakota
appears,1,ND,North Dakota
brightest,1,ND,North Dakota
flew,1,ND,North Dakota
night,1,ND,North Dakota
eastbound,1,ND,North Dakota
move,1,ND,North Dakota
balloons,1,ND,North Dakota
aircraft,1,ND,North Dakota
landing,1,ND,North Dakota
far,1,ND,North Dakota
airport,1,ND,North Dakota
metal,1,ND,North Dakota
orb,1,ND,North Dakota
floated,1,ND,North Dakota
storm,1,ND,North Dakota
cloud,1,ND,North Dakota
lights,1,ND,North Dakota
sky,3,NE,Nebraska
size,3,NE,Nebraska
green,2,NE,Nebraska
colored,2,NE,Nebraska
object,2,NE,Nebraska
moving,2,NE,Nebraska
beam,2,NE,Nebraska
object,2,NE,Nebraska
glass,2,NE,Nebraska
metal,2,NE,Nebraska
lights,2,NE,Nebraska
shaped,2,NE,Nebraska
glowing,2,NE,Nebraska
ball,1,NE,Nebraska
object,1,NE,Nebraska
balls,1,NE,Nebraska
red,1,NE,Nebraska
close,1,NE,Nebraska
encounter,1,NE,Nebraska
kind,1,NE,Nebraska
looked,1,NE,Nebraska
floating,1,NE,Nebraska
black,1,NE,Nebraska
slowly,1,NE,Nebraska
following,1,NE,Nebraska
hovering,5,NH,New Hampshire
time,3,NH,New Hampshire
slowly,3,NH,New Hampshire
trees,2,NH,New Hampshire
orbs,2,NH,New Hampshire
moving,2,NH,New Hampshire
shape,2,NH,New Hampshire
light,2,NH,New Hampshire
west,2,NH,New Hampshire
white,2,NH,New Hampshire
red,2,NH,New Hampshire
blinking,2,NH,New Hampshire
directions,2,NH,New Hampshire
low,2,NH,New Hampshire
pattern,2,NH,New Hampshire
bright,2,NH,New Hampshire
appeared,2,NH,New Hampshire
home,2,NH,New Hampshire
long,2,NH,New Hampshire
driving,2,NH,New Hampshire
viewed,2,NH,New Hampshire
saw,2,NH,New Hampshire
lights,2,NH,New Hampshire
witnessed,1,NH,New Hampshire
lights,17,NJ,New Jersey
light,16,NJ,New Jersey
bright,14,NJ,New Jersey
object,12,NJ,New Jersey
sky,12,NJ,New Jersey
red,11,NJ,New Jersey
white,10,NJ,New Jersey
star,8,NJ,New Jersey
shape,7,NJ,New Jersey
triangle,7,NJ,New Jersey
large,7,NJ,New Jersey
flying,7,NJ,New Jersey
ufo,6,NJ,New Jersey
moving,6,NJ,New Jersey
glowing,6,NJ,New Jersey
hovering,6,NJ,New Jersey
saw,5,NJ,New Jersey
objects,5,NJ,New Jersey
black,5,NJ,New Jersey
strange,5,NJ,New Jersey
observed,5,NJ,New Jersey
slowly,5,NJ,New Jersey
orb,4,NJ,New Jersey
stationary,4,NJ,New Jersey
moved,4,NJ,New Jersey
light,13,NM,New Mexico
object,8,NM,New Mexico
bright,8,NM,New Mexico
hovering,7,NM,New Mexico
white,7,NM,New Mexico
sky,6,NM,New Mexico
driving,5,NM,New Mexico
cloud,5,NM,New Mexico
photos,5,NM,New Mexico
lights,5,NM,New Mexico
orange,4,NM,New Mexico
orbs,4,NM,New Mexico
glowing,4,NM,New Mexico
stationary,4,NM,New Mexico
left,3,NM,New Mexico
shape,3,NM,New Mexico
turned,3,NM,New Mexico
south,3,NM,New Mexico
orb,3,NM,New Mexico
time,3,NM,New Mexico
appeared,3,NM,New Mexico
saw,3,NM,New Mexico
objects,2,NM,New Mexico
slowly,2,NM,New Mexico
strange,2,NM,New Mexico
lights,20,NV,Nevada
object,16,NV,Nevada
light,9,NV,Nevada
moving,8,NV,Nevada
bright,8,NV,Nevada
orb,8,NV,Nevada
large,7,NV,Nevada
saw,7,NV,Nevada
moon,7,NV,Nevada
craft,6,NV,Nevada
sky,6,NV,Nevada
hovering,6,NV,Nevada
red,6,NV,Nevada
objects,5,NV,Nevada
high,5,NV,Nevada
moved,5,NV,Nevada
flashing,5,NV,Nevada
cloud,5,NV,Nevada
telescope,5,NV,Nevada
video,4,NV,Nevada
flying,4,NV,Nevada
glowing,4,NV,Nevada
small,4,NV,Nevada
coming,4,NV,Nevada
faded,4,NV,Nevada
light,38,NY,New York
sky,24,NY,New York
lights,22,NY,New York
object,19,NY,New York
bright,18,NY,New York
white,14,NY,New York
hovering,13,NY,New York
moving,13,NY,New York
ufo,11,NY,New York
north,10,NY,New York
shape,10,NY,New York
observed,10,NY,New York
south,8,NY,New York
glowing,8,NY,New York
appeared,8,NY,New York
slowly,7,NY,New York
shaped,7,NY,New York
large,7,NY,New York
orb,7,NY,New York
took,7,NY,New York
objects,7,NY,New York
direction,6,NY,New York
red,6,NY,New York
sky,6,NY,New York
hovered,6,NY,New York
lights,31,OH,Ohio
light,29,OH,Ohio
bright,26,OH,Ohio
white,17,OH,Ohio
sky,15,OH,Ohio
object,14,OH,Ohio
moving,14,OH,Ohio
red,12,OH,Ohio
hovering,10,OH,Ohio
large,9,OH,Ohio
orb,8,OH,Ohio
outside,8,OH,Ohio
star,7,OH,Ohio
shaped,7,OH,Ohio
flying,7,OH,Ohio
glowing,7,OH,Ohio
disappeared,7,OH,Ohio
appeared,7,OH,Ohio
triangle,6,OH,Ohio
took,6,OH,Ohio
saw,6,OH,Ohio
thought,6,OH,Ohio
low,6,OH,Ohio
craft,6,OH,Ohio
seconds,6,OH,Ohio
light,10,OK,Oklahoma
object,7,OK,Oklahoma
lights,5,OK,Oklahoma
outside,5,OK,Oklahoma
area,5,OK,Oklahoma
bright,4,OK,Oklahoma
fast,4,OK,Oklahoma
orb,4,OK,Oklahoma
hovering,4,OK,Oklahoma
just,4,OK,Oklahoma
glowing,4,OK,Oklahoma
appeared,4,OK,Oklahoma
white,4,OK,Oklahoma
triangle,3,OK,Oklahoma
slowly,3,OK,Oklahoma
large,3,OK,Oklahoma
hours,3,OK,Oklahoma
went,3,OK,Oklahoma
black,3,OK,Oklahoma
sky,3,OK,Oklahoma
objects,3,OK,Oklahoma
moon,3,OK,Oklahoma
area,3,OK,Oklahoma
smoke,2,OK,Oklahoma
flashing,2,OK,Oklahoma
light,29,OR,Oregon
bright,19,OR,Oregon
object,19,OR,Oregon
sky,18,OR,Oregon
white,15,OR,Oregon
lights,11,OR,Oregon
moving,11,OR,Oregon
appeared,10,OR,Oregon
red,10,OR,Oregon
moved,8,OR,Oregon
hovered,7,OR,Oregon
flew,7,OR,Oregon
noticed,7,OR,Oregon
craft,7,OR,Oregon
triangle,7,OR,Oregon
objects,7,OR,Oregon
ufo,7,OR,Oregon
shaped,6,OR,Oregon
high,6,OR,Oregon
straight,6,OR,Oregon
looking,6,OR,Oregon
orange,5,OR,Oregon
green,5,OR,Oregon
came,5,OR,Oregon
shape,5,OR,Oregon
object,29,PA,Pennsylvania
lights,22,PA,Pennsylvania
sky,28,PA,Pennsylvania
bright,20,PA,Pennsylvania
light,20,PA,Pennsylvania
moving,16,PA,Pennsylvania
moved,15,PA,Pennsylvania
hovering,14,PA,Pennsylvania
appeared,12,PA,Pennsylvania
white,11,PA,Pennsylvania
red,11,PA,Pennsylvania
observed,11,PA,Pennsylvania
flying,10,PA,Pennsylvania
ufo,9,PA,Pennsylvania
shape,9,PA,Pennsylvania
orb,9,PA,Pennsylvania
took,8,PA,Pennsylvania
objects,8,PA,Pennsylvania
south,8,PA,Pennsylvania
disappeared,8,PA,Pennsylvania
high,8,PA,Pennsylvania
window,7,PA,Pennsylvania
hover,7,PA,Pennsylvania
noticed,7,PA,Pennsylvania
star,6,PA,Pennsylvania
sleep,5,RI,Rhode Island
trees,2,RI,Rhode Island
photo,2,RI,Rhode Island
object,1,RI,Rhode Island
space,1,RI,Rhode Island
flashed,1,RI,Rhode Island
twice,1,RI,Rhode Island
degree,1,RI,Rhode Island
turn,1,RI,Rhode Island
flew,1,RI,Rhode Island
watching,1,RI,Rhode Island
movie,1,RI,Rhode Island
humanity,1,RI,Rhode Island
documentary,1,RI,Rhode Island
meditated,1,RI,Rhode Island
night,1,RI,Rhode Island
thing,1,RI,Rhode Island
fall,1,RI,Rhode Island
end,1,RI,Rhode Island
paralysis,1,RI,Rhode Island
bright,1,RI,Rhode Island
flash,1,RI,Rhode Island
lights,1,RI,Rhode Island
circled,1,RI,Rhode Island
abruptly,1,RI,Rhode Island
object,15,SC,South Carolina
sky,7,SC,South Carolina
bright,7,SC,South Carolina
moving,6,SC,South Carolina
light,6,SC,South Carolina
white,6,SC,South Carolina
came,6,SC,South Carolina
got,4,SC,South Carolina
red,4,SC,South Carolina
black,4,SC,South Carolina
orbs,4,SC,South Carolina
different,3,SC,South Carolina
direction,3,SC,South Carolina
took,3,SC,South Carolina
orange,3,SC,South Carolina
lights,3,SC,South Carolina
clouds,3,SC,South Carolina
looked,3,SC,South Carolina
steady,3,SC,South Carolina
photos,3,SC,South Carolina
observed,3,SC,South Carolina
glowing,3,SC,South Carolina
disappeared,3,SC,South Carolina
objects,3,SC,South Carolina
random,3,SC,South Carolina
ships,2,SD,South Dakota
driving,1,SD,South Dakota
girl,1,SD,South Dakota
friend,1,SD,South Dakota
home,1,SD,South Dakota
flew,1,SD,South Dakota
past,1,SD,South Dakota
shat,1,SD,South Dakota
pants,1,SD,South Dakota
green,1,SD,South Dakota
minutes,1,SD,South Dakota
left,1,SD,South Dakota
brighter,1,SD,South Dakota
rabbit,1,SD,South Dakota
died,1,SD,South Dakota
scary,1,SD,South Dakota
beams,1,SD,South Dakota
appeared,1,SD,South Dakota
security,1,SD,South Dakota
camera,1,SD,South Dakota
hovering,1,SD,South Dakota
moved,1,SD,South Dakota
up,1,SD,South Dakota
showed,1,SD,South Dakota
closer,1,SD,South Dakota
light,21,TN,Tennessee
object,19,TN,Tennessee
sky,15,TN,Tennessee
bright,12,TN,Tennessee
lights,10,TN,Tennessee
night,7,TN,Tennessee
took,7,TN,Tennessee
noticed,7,TN,Tennessee
moved,6,TN,Tennessee
hovering,6,TN,Tennessee
black,6,TN,Tennessee
moving,6,TN,Tennessee
flying,6,TN,Tennessee
low,6,TN,Tennessee
beam,5,TN,Tennessee
observed,5,TN,Tennessee
appeared,5,TN,Tennessee
ufo,4,TN,Tennessee
house,4,TN,Tennessee
glowing,4,TN,Tennessee
east,4,TN,Tennessee
objects,4,TN,Tennessee
looking,4,TN,Tennessee
shape,4,TN,Tennessee
south,4,TN,Tennessee
object,45,TX,Texas
moving,35,TX,Texas
light,33,TX,Texas
sky,31,TX,Texas
bright,29,TX,Texas
white,28,TX,Texas
lights,25,TX,Texas
ufo,19,TX,Texas
hovering,18,TX,Texas
took,15,TX,Texas
objects,14,TX,Texas
noticed,13,TX,Texas
fast,13,TX,Texas
shape,12,TX,Texas
orb,12,TX,Texas
moved,12,TX,Texas
star,12,TX,Texas
saw,12,TX,Texas
flying,11,TX,Texas
west,11,TX,Texas
glowing,11,TX,Texas
high,11,TX,Texas
speed,11,TX,Texas
observed,10,TX,Texas
shaped,10,TX,Texas
lights,9,UT,Utah
sky,8,UT,Utah
white,6,UT,Utah
flying,6,UT,Utah
object,6,UT,Utah
light,5,UT,Utah
night,5,UT,Utah
stopped,4,UT,Utah
camera,4,UT,Utah
moving,4,UT,Utah
shape,4,UT,Utah
ship,4,UT,Utah
noticed,4,UT,Utah
thought,4,UT,Utah
disappeared,3,UT,Utah
house,3,UT,Utah
observed,3,UT,Utah
black,3,UT,Utah
blue,3,UT,Utah
flew,3,UT,Utah
followed,3,UT,Utah
appeared,3,UT,Utah
west,3,UT,Utah
slowly,2,UT,Utah
straight,2,UT,Utah
light,14,VA,Virginia
sky,11,VA,Virginia
object,10,VA,Virginia
lights,8,VA,Virginia
ufo,7,VA,Virginia
bright,7,VA,Virginia
driving,6,VA,Virginia
glowing,5,VA,Virginia
direction,5,VA,Virginia
straight,5,VA,Virginia
observed,5,VA,Virginia
appeared,4,VA,Virginia
triangle,4,VA,Virginia
white,4,VA,Virginia
looking,4,VA,Virginia
home,4,VA,Virginia
south,4,VA,Virginia
large,4,VA,Virginia
flying,4,VA,Virginia
moving,4,VA,Virginia
photo,3,VA,Virginia
red,3,VA,Virginia
orb,3,VA,Virginia
north,3,VA,Virginia
flash,3,VA,Virginia
triangle,1,VT,Vermont
ufo,1,VT,Vermont
white,1,VT,Vermont
lights,1,VT,Vermont
pulsing,1,VT,Vermont
red,1,VT,Vermont
light,1,VT,Vermont
rapid,1,VT,Vermont
forth,1,VT,Vermont
movement,1,VT,Vermont
directions,1,VT,Vermont
appeared,1,VT,Vermont
come,1,VT,Vermont
directly,1,VT,Vermont
observers,1,VT,Vermont
brightening,1,VT,Vermont
size,1,VT,Vermont
growth,1,VT,Vermont
naked,1,VT,Vermont
eye,1,VT,Vermont
camera,1,VT,Vermont
taking,1,VT,Vermont
pics,1,VT,Vermont
sun,1,VT,Vermont
setting,1,VT,Vermont
object,33,WA,Washington
bright,28,WA,Washington
light,27,WA,Washington
lights,26,WA,Washington
white,23,WA,Washington
moving,16,WA,Washington
red,14,WA,Washington
orange,12,WA,Washington
moved,12,WA,Washington
took,12,WA,Washington
sky,12,WA,Washington
orb,11,WA,Washington
ufo,10,WA,Washington
west,9,WA,Washington
noticed,8,WA,Washington
hovering,8,WA,Washington
east,8,WA,Washington
slowly,8,WA,Washington
speed,8,WA,Washington
north,8,WA,Washington
large,8,WA,Washington
disappeared,8,WA,Washington
video,7,WA,Washington
south,7,WA,Washington
triangle,7,WA,Washington
object,15,WI,Wisconsin
light,10,WI,Wisconsin
lights,9,WI,Wisconsin
star,7,WI,Wisconsin
ufo,6,WI,Wisconsin
white,6,WI,Wisconsin
flashing,5,WI,Wisconsin
right,5,WI,Wisconsin
red,5,WI,Wisconsin
orb,5,WI,Wisconsin
hovering,5,WI,Wisconsin
large,5,WI,Wisconsin
stationary,4,WI,Wisconsin
bright,4,WI,Wisconsin
sky,4,WI,Wisconsin
moon,4,WI,Wisconsin
saw,4,WI,Wisconsin
glowing,4,WI,Wisconsin
flying,4,WI,Wisconsin
helicopter,3,WI,Wisconsin
blue,3,WI,Wisconsin
moving,3,WI,Wisconsin
slow,3,WI,Wisconsin
black,3,WI,Wisconsin
shaped,3,WI,Wisconsin
lights,7,WV,West Virginia
light,6,WV,West Virginia
object,6,WV,West Virginia
red,5,WV,West Virginia
bright,4,WV,West Virginia
pictures,4,WV,West Virginia
appeared,4,WV,West Virginia
white,3,WV,West Virginia
taking,3,WV,West Virginia
slowly,3,WV,West Virginia
black,3,WV,West Virginia
moon,3,WV,West Virginia
two,2,WV,West Virginia
shaped,2,WV,West Virginia
hovering,2,WV,West Virginia
sky,2,WV,West Virginia
flashing,2,WV,West Virginia
stationary,2,WV,West Virginia
took,2,WV,West Virginia
reflection,2,WV,West Virginia
sun,2,WV,West Virginia
surface,2,WV,West Virginia
yellow,2,WV,West Virginia
triangle,2,WV,West Virginia
disc,1,WV,West Virginia
sky,3,WY,Wyoming
blue,2,WY,Wyoming
glowing,2,WY,Wyoming
orb,2,WY,Wyoming
reflecting,1,WY,Wyoming
light,1,WY,Wyoming
sunset,1,WY,Wyoming
takening,1,WY,Wyoming
star,1,WY,Wyoming
trails,1,WY,Wyoming
camera,1,WY,Wyoming
photoed,1,WY,Wyoming
took,1,WY,Wyoming
object,1,WY,Wyoming
fireball,1,WY,Wyoming
explodes,1,WY,Wyoming
cuts,1,WY,Wyoming
perfect,1,WY,Wyoming
sinc,1,WY,Wyoming
going,1,WY,Wyoming
left,1,WY,Wyoming
right,1,WY,Wyoming
quickly,1,WY,Wyoming
noise,1,WY,Wyoming
brighter,1,WY,Wyoming
